"","FuturePresAbs","Scenario2","VariableHuman","meanVal","seVal","maxVal","minVal","Mean_std"
"1","Presence","Baseline","Dry Season Baseflow",0.04,0,2.51949426830307,-0.6626306905744,"0.04  +/-  0"
"2","Presence","Baseline","Elevation",296.39,6.73,1407.3271484375,1.26549637317657,"296.39  +/-  6.73"
"3","Presence","Baseline","Fall Pulse",0.01,0.01,14.5065075602314,-1.22608562494253,"0.01  +/-  0.01"
"4","Presence","Baseline","Largest Annual Storm",-14.16,0.55,10.9320179410707,-92.735464341904,"-14.16  +/-  0.55"
"5","Presence","Baseline","Peak Flow: 10-Year Flood",-29.12,1.18,148.549981363312,-206.154653236797,"-29.12  +/-  1.18"
"6","Presence","Baseline","Peak Flow: 2-Year Flood",-9.8,0.32,38.4390685082336,-68.8363296291552,"-9.8  +/-  0.32"
"7","Presence","Baseline","Spring Recession",1.61,0.03,11.87093668564,-1.03391467293546,"1.61  +/-  0.03"
"8","Presence","Baseline","Wet Season Baseflow (Low)",-0.01,0,0.496228223369088,-0.410903042309216,"-0.01  +/-  0"
"9","Presence","Baseline","Wet Season Baseflow (Med)",0,0,1.3047685413056,-0.860554175016352,"0  +/-  0"
"10","Presence","Wetter","Dry Season Baseflow",0.04,0,0.374454596334304,-0.659916461015264,"0.04  +/-  0"
"11","Presence","Wetter","Elevation",227.93,5.97,1407.3271484375,1.26549637317657,"227.93  +/-  5.97"
"12","Presence","Wetter","Fall Pulse",0.04,0.01,14.8401631375437,-1.17460120367427,"0.04  +/-  0.01"
"13","Presence","Wetter","Largest Annual Storm",-16.55,0.62,11.5161206489542,-91.6708449180384,"-16.55  +/-  0.62"
"14","Presence","Wetter","Peak Flow: 10-Year Flood",-34.44,1.34,148.375482849446,-205.46303581321,"-34.44  +/-  1.34"
"15","Presence","Wetter","Peak Flow: 2-Year Flood",-11.42,0.37,38.4394207975424,-68.5383975894368,"-11.42  +/-  0.37"
"16","Presence","Wetter","Spring Recession",2.25,0.05,12.4582799879373,-0.97032039941472,"2.25  +/-  0.05"
"17","Presence","Wetter","Wet Season Baseflow (Low)",-0.02,0,0.493816420065632,-0.3759098949456,"-0.02  +/-  0"
"18","Presence","Wetter","Wet Season Baseflow (Med)",0,0.01,1.28447071388381,-0.750749672817248,"0  +/-  0.01"
"19","Presence","Drier","Dry Season Baseflow",0.04,0,2.52360180618445,-0.663390904341632,"0.04  +/-  0"
"20","Presence","Drier","Elevation",299.13,6.75,1551.39123535156,1.26549637317657,"299.13  +/-  6.75"
"21","Presence","Drier","Fall Pulse",-0.05,0.01,14.6347696554934,-1.30447848665984,"-0.05  +/-  0.01"
"22","Presence","Drier","Largest Annual Storm",-14.18,0.54,9.90443220234304,-93.2957900161536,"-14.18  +/-  0.54"
"23","Presence","Drier","Peak Flow: 10-Year Flood",-28.85,1.16,145.754335822202,-206.762396497002,"-28.85  +/-  1.16"
"24","Presence","Drier","Peak Flow: 2-Year Flood",-9.67,0.32,38.1702182185504,-68.851748296656,"-9.67  +/-  0.32"
"25","Presence","Drier","Spring Recession",1.67,0.04,9.23636502030688,-1.08017321375581,"1.67  +/-  0.04"
"26","Presence","Drier","Wet Season Baseflow (Low)",-0.01,0,0.471223963692448,-0.387020200686752,"-0.01  +/-  0"
"27","Presence","Drier","Wet Season Baseflow (Med)",-0.01,0,1.30172189799958,-0.989437773068192,"-0.01  +/-  0"
"28","Presence","Hotter","Dry Season Baseflow",0.13,0.01,0.535580536795904,-0.519534502379232,"0.13  +/-  0.01"
"29","Presence","Hotter","Elevation",413.42,15.84,1551.39123535156,1.26549637317657,"413.42  +/-  15.84"
"30","Presence","Hotter","Fall Pulse",0.31,0.01,2.83558820261728,-0.386717566868928,"0.31  +/-  0.01"
"31","Presence","Hotter","Largest Annual Storm",-28.92,1.34,17.3887364943859,-85.7560802407168,"-28.92  +/-  1.34"
"32","Presence","Hotter","Peak Flow: 10-Year Flood",-64.61,3.15,148.906964125078,-207.778767888118,"-64.61  +/-  3.15"
"33","Presence","Hotter","Peak Flow: 2-Year Flood",-19.32,0.89,39.0697140564768,-69.186329552992,"-19.32  +/-  0.89"
"34","Presence","Hotter","Spring Recession",10.83,0.55,36.2680688650496,0.0339547168454976,"10.83  +/-  0.55"
"35","Presence","Hotter","Wet Season Baseflow (Low)",0,0,0.594575292954048,-0.235278471078195,"0  +/-  0"
"36","Presence","Hotter","Wet Season Baseflow (Med)",-0.05,0.01,1.87337768346915,-0.909411316291552,"-0.05  +/-  0.01"
"37","Presence","Amplified Extremes","Dry Season Baseflow",0.03,0,2.54022759734848,-0.524600774334432,"0.03  +/-  0"
"38","Presence","Amplified Extremes","Elevation",304.54,6.86,1407.3271484375,1.26549637317657,"304.54  +/-  6.86"
"39","Presence","Amplified Extremes","Fall Pulse",0,0.01,14.5656817690125,-1.21173228642797,"0  +/-  0.01"
"40","Presence","Amplified Extremes","Largest Annual Storm",-13.92,0.54,11.0638440539094,-92.632977914,"-13.92  +/-  0.54"
"41","Presence","Amplified Extremes","Peak Flow: 10-Year Flood",-28.55,1.16,148.627260798826,-205.961009791085,"-28.55  +/-  1.16"
"42","Presence","Amplified Extremes","Peak Flow: 2-Year Flood",-9.65,0.32,38.439709543952,-68.5458841832384,"-9.65  +/-  0.32"
"43","Presence","Amplified Extremes","Spring Recession",1.46,0.03,11.518287603401,-1.19463873400909,"1.46  +/-  0.03"
"44","Presence","Amplified Extremes","Wet Season Baseflow (Low)",-0.01,0,0.499413276644992,-0.381167248100864,"-0.01  +/-  0"
"45","Presence","Amplified Extremes","Wet Season Baseflow (Med)",-0.01,0,1.29996850900102,-0.891168974516448,"-0.01  +/-  0"
"46","Presence","Drier/hotter (Small)","Dry Season Baseflow",0.05,0,0.390619849292832,-0.520150106496384,"0.05  +/-  0"
"47","Presence","Drier/hotter (Small)","Elevation",343.88,8.86,1551.39123535156,1.26549637317657,"343.88  +/-  8.86"
"48","Presence","Drier/hotter (Small)","Fall Pulse",0.05,0.01,2.48659089341709,-0.989786923459712,"0.05  +/-  0.01"
"49","Presence","Drier/hotter (Small)","Largest Annual Storm",-18.96,0.72,13.7021547516333,-90.3225594016608,"-18.96  +/-  0.72"
"50","Presence","Drier/hotter (Small)","Peak Flow: 10-Year Flood",-41,1.57,148.702329286912,-208.29492544248,"-41  +/-  1.57"
"51","Presence","Drier/hotter (Small)","Peak Flow: 2-Year Flood",-12.8,0.44,38.8666810430528,-69.1162738747424,"-12.8  +/-  0.44"
"52","Presence","Drier/hotter (Small)","Spring Recession",3.23,0.15,27.5316861576778,-0.732083973361376,"3.23  +/-  0.15"
"53","Presence","Drier/hotter (Small)","Wet Season Baseflow (Low)",-0.01,0,0.518706664978752,-0.353791294452128,"-0.01  +/-  0"
"54","Presence","Drier/hotter (Small)","Wet Season Baseflow (Med)",-0.02,0.01,1.53381552466659,-0.880947725964704,"-0.02  +/-  0.01"
"55","Presence","Drier/hotter (Large)","Dry Season Baseflow",0.12,0.01,0.532509432871712,-0.518061934484288,"0.12  +/-  0.01"
"56","Presence","Drier/hotter (Large)","Elevation",372.76,13.71,1551.39123535156,1.26549637317657,"372.76  +/-  13.71"
"57","Presence","Drier/hotter (Large)","Fall Pulse",0.22,0.01,2.63172150239142,-0.543763126109856,"0.22  +/-  0.01"
"58","Presence","Drier/hotter (Large)","Largest Annual Storm",-28.22,1.19,16.4569601670726,-90.3091029751328,"-28.22  +/-  1.19"
"59","Presence","Drier/hotter (Large)","Peak Flow: 10-Year Flood",-60.31,2.68,146.129462516934,-208.386511148323,"-60.31  +/-  2.68"
"60","Presence","Drier/hotter (Large)","Peak Flow: 2-Year Flood",-18.02,0.75,38.800905619024,-69.201748192176,"-18.02  +/-  0.75"
"61","Presence","Drier/hotter (Large)","Spring Recession",8.75,0.47,35.1944323243424,-0.304998279685376,"8.75  +/-  0.47"
"62","Presence","Drier/hotter (Large)","Wet Season Baseflow (Low)",0,0,0.576261965492032,-0.245188728023645,"0  +/-  0"
"63","Presence","Drier/hotter (Large)","Wet Season Baseflow (Med)",-0.06,0.01,1.83710285034355,-0.973909394674304,"-0.06  +/-  0.01"
"64","Presence","Wetter/hotter (Small)","Dry Season Baseflow",0.06,0,0.38385857220048,-0.52249133442336,"0.06  +/-  0"
"65","Presence","Wetter/hotter (Small)","Elevation",311.86,9.47,1551.39123535156,1.26549637317657,"311.86  +/-  9.47"
"66","Presence","Wetter/hotter (Small)","Fall Pulse",0.13,0.01,2.6321094507633,-0.839915214821792,"0.13  +/-  0.01"
"67","Presence","Wetter/hotter (Small)","Largest Annual Storm",-21.63,0.83,14.4943572715885,-88.6250966494368,"-21.63  +/-  0.83"
"68","Presence","Wetter/hotter (Small)","Peak Flow: 10-Year Flood",-45.96,1.82,149.148471146346,-207.670450917827,"-45.96  +/-  1.82"
"69","Presence","Wetter/hotter (Small)","Peak Flow: 2-Year Flood",-14.45,0.5,38.9433094470176,-68.7142660134528,"-14.45  +/-  0.5"
"70","Presence","Wetter/hotter (Small)","Spring Recession",4.09,0.18,27.5595558127523,-0.738615922884576,"4.09  +/-  0.18"
"71","Presence","Wetter/hotter (Small)","Wet Season Baseflow (Low)",-0.01,0,0.535721331889856,-0.328965436845184,"-0.01  +/-  0"
"72","Presence","Wetter/hotter (Small)","Wet Season Baseflow (Med)",-0.01,0.01,1.53643401172691,-0.849029717102944,"-0.01  +/-  0.01"
"73","Presence","Wetter/hotter (Large)","Dry Season Baseflow",0.22,0.01,0.5384562981248,-0.521139738729696,"0.22  +/-  0.01"
"74","Presence","Wetter/hotter (Large)","Elevation",314.05,19.57,1407.3271484375,1.26549637317657,"314.05  +/-  19.57"
"75","Presence","Wetter/hotter (Large)","Fall Pulse",0.5,0.02,2.9075950329808,-0.119860268532637,"0.5  +/-  0.02"
"76","Presence","Wetter/hotter (Large)","Largest Annual Storm",-41.55,1.84,17.5381884361965,-83.1848013919328,"-41.55  +/-  1.84"
"77","Presence","Wetter/hotter (Large)","Peak Flow: 10-Year Flood",-95.1,4.53,148.730823208496,-207.087150436214,"-95.1  +/-  4.53"
"78","Presence","Wetter/hotter (Large)","Peak Flow: 2-Year Flood",-27.88,1.28,39.072517108192,-68.8883974849568,"-27.88  +/-  1.28"
"79","Presence","Wetter/hotter (Large)","Spring Recession",17.99,0.76,36.5900759330784,1.01736889938486,"17.99  +/-  0.76"
"80","Presence","Wetter/hotter (Large)","Wet Season Baseflow (Low)",0,0.01,0.61354762795792,-0.225603663652474,"0  +/-  0.01"
"81","Presence","Wetter/hotter (Large)","Wet Season Baseflow (Med)",-0.06,0.02,1.86936964940714,-0.80281206602496,"-0.06  +/-  0.02"
"82","Presence","Extremes/hotter (Small)","Dry Season Baseflow",0.06,0,0.402257952718688,-0.520551487225504,"0.06  +/-  0"
"83","Presence","Extremes/hotter (Small)","Elevation",336.91,9.15,1551.39123535156,1.26549637317657,"336.91  +/-  9.15"
"84","Presence","Extremes/hotter (Small)","Fall Pulse",0.08,0.01,2.64822576407955,-0.983180894922368,"0.08  +/-  0.01"
"85","Presence","Extremes/hotter (Small)","Largest Annual Storm",-19.39,0.74,14.469888614273,-89.2010381893824,"-19.39  +/-  0.74"
"86","Presence","Extremes/hotter (Small)","Peak Flow: 10-Year Flood",-41.75,1.63,149.167268999174,-207.688782449594,"-41.75  +/-  1.63"
"87","Presence","Extremes/hotter (Small)","Peak Flow: 2-Year Flood",-13.1,0.45,38.9433094470176,-68.7885202236384,"-13.1  +/-  0.45"
"88","Presence","Extremes/hotter (Small)","Spring Recession",3.41,0.16,27.3140803477075,-0.752570192736736,"3.41  +/-  0.16"
"89","Presence","Extremes/hotter (Small)","Wet Season Baseflow (Low)",-0.01,0,0.534840965126368,-0.30746480407216,"-0.01  +/-  0"
"90","Presence","Extremes/hotter (Small)","Wet Season Baseflow (Med)",-0.02,0.01,1.53822886473254,-0.883622466047232,"-0.02  +/-  0.01"
"91","Presence","Extremes/hotter (Large)","Dry Season Baseflow",0.14,0.01,0.5353519627368,-0.517079315472832,"0.14  +/-  0.01"
"92","Presence","Extremes/hotter (Large)","Elevation",409.01,15.61,1551.39123535156,1.26549637317657,"409.01  +/-  15.61"
"93","Presence","Extremes/hotter (Large)","Fall Pulse",0.31,0.02,2.92367378207968,-0.496352979261184,"0.31  +/-  0.02"
"94","Presence","Extremes/hotter (Large)","Largest Annual Storm",-28.68,1.32,17.4152227152064,-85.0342901340576,"-28.68  +/-  1.32"
"95","Presence","Extremes/hotter (Large)","Peak Flow: 10-Year Flood",-64.34,3.14,148.981826636762,-207.585124442406,"-64.34  +/-  3.14"
"96","Presence","Extremes/hotter (Large)","Peak Flow: 2-Year Flood",-19.3,0.88,39.0703550921952,-68.8958840787584,"-19.3  +/-  0.88"
"97","Presence","Extremes/hotter (Large)","Spring Recession",10.57,0.55,35.9065840152512,-0.138307813180915,"10.57  +/-  0.55"
"98","Presence","Extremes/hotter (Large)","Wet Season Baseflow (Low)",0,0,0.604363521566528,-0.22193754563423,"0  +/-  0"
"99","Presence","Extremes/hotter (Large)","Wet Season Baseflow (Med)",-0.07,0.01,1.86164589900752,-0.883204139129152,"-0.07  +/-  0.01"
"100","Absence","Baseline","Dry Season Baseflow",0.04,0,2.57008635811034,-0.692208374531936,"0.04  +/-  0"
"101","Absence","Baseline","Elevation",468.51,3.22,1701.23181152344,-0.138114377856255,"468.51  +/-  3.22"
"102","Absence","Baseline","Fall Pulse",0.61,0.01,16.7281246217507,-6.02678126301792,"0.61  +/-  0.01"
"103","Absence","Baseline","Largest Annual Storm",-2.41,0.11,33.8848730901792,-103.027504129094,"-2.41  +/-  0.11"
"104","Absence","Baseline","Peak Flow: 10-Year Flood",2.95,0.32,307.28328205744,-200.265624424739,"2.95  +/-  0.32"
"105","Absence","Baseline","Peak Flow: 2-Year Flood",-0.37,0.1,66.089837210672,-72.6373935098752,"-0.37  +/-  0.1"
"106","Absence","Baseline","Spring Recession",2.97,0.03,55.081807078848,-3.33892140673376,"2.97  +/-  0.03"
"107","Absence","Baseline","Wet Season Baseflow (Low)",0.05,0,0.922069482883008,-0.597870829322176,"0.05  +/-  0"
"108","Absence","Baseline","Wet Season Baseflow (Med)",0.24,0,7.7171481111616,-0.715640546636864,"0.24  +/-  0"
"109","Absence","Wetter","Dry Season Baseflow",0.04,0,2.50558209278995,-0.692205609396416,"0.04  +/-  0"
"110","Absence","Wetter","Elevation",473.79,3.18,1701.23181152344,-0.138114377856255,"473.79  +/-  3.18"
"111","Absence","Wetter","Fall Pulse",0.71,0.01,16.845108885968,-5.84538604526496,"0.71  +/-  0.01"
"112","Absence","Wetter","Largest Annual Storm",-2.27,0.1,36.269287138736,-98.7097930965408,"-2.27  +/-  0.1"
"113","Absence","Wetter","Peak Flow: 10-Year Flood",2.87,0.32,307.372251744032,-197.80274197487,"2.87  +/-  0.32"
"114","Absence","Wetter","Peak Flow: 2-Year Flood",-0.36,0.1,66.0888580440448,-73.6069761462144,"-0.36  +/-  0.1"
"115","Absence","Wetter","Spring Recession",3.52,0.03,55.5658749310944,-3.17852099224256,"3.52  +/-  0.03"
"116","Absence","Wetter","Wet Season Baseflow (Low)",0.06,0,0.92271892416032,-0.58125762412624,"0.06  +/-  0"
"117","Absence","Wetter","Wet Season Baseflow (Med)",0.28,0,7.5310234696112,-0.568190125731392,"0.28  +/-  0"
"118","Absence","Drier","Dry Season Baseflow",0.04,0,2.55923893874435,-0.694145886443296,"0.04  +/-  0"
"119","Absence","Drier","Elevation",468.85,3.22,1701.23181152344,-0.138114377856255,"468.85  +/-  3.22"
"120","Absence","Drier","Fall Pulse",0.52,0.01,16.9916779141923,-6.01818672627776,"0.52  +/-  0.01"
"121","Absence","Drier","Largest Annual Storm",-2.63,0.11,30.1213558421024,-103.864500343683,"-2.63  +/-  0.11"
"122","Absence","Drier","Peak Flow: 10-Year Flood",2.65,0.32,306.182086162816,-201.085430869254,"2.65  +/-  0.32"
"123","Absence","Drier","Peak Flow: 2-Year Flood",-0.42,0.11,65.9115936584224,-72.7582945510368,"-0.42  +/-  0.11"
"124","Absence","Drier","Spring Recession",2.84,0.03,54.4088272916352,-3.49419809731424,"2.84  +/-  0.03"
"125","Absence","Drier","Wet Season Baseflow (Low)",0.04,0,0.866224801956736,-0.60993373316976,"0.04  +/-  0"
"126","Absence","Drier","Wet Season Baseflow (Med)",0.22,0,7.92053713189024,-0.805417271939744,"0.22  +/-  0"
"127","Absence","Hotter","Dry Season Baseflow",0.05,0,2.58128996430947,-0.694761908799584,"0.05  +/-  0"
"128","Absence","Hotter","Elevation",445.93,3.01,1701.23181152344,-0.138114377856255,"445.93  +/-  3.01"
"129","Absence","Hotter","Fall Pulse",1.5,0.01,18.9976893908698,-4.41516545749376,"1.5  +/-  0.01"
"130","Absence","Hotter","Largest Annual Storm",-2.28,0.1,43.1961762251936,-96.7221829610368,"-2.28  +/-  0.1"
"131","Absence","Hotter","Peak Flow: 10-Year Flood",1.06,0.3,307.024687942816,-201.889739076061,"1.06  +/-  0.3"
"132","Absence","Hotter","Peak Flow: 2-Year Flood",-0.34,0.1,66.417264085904,-71.8479431563456,"-0.34  +/-  0.1"
"133","Absence","Hotter","Spring Recession",8.24,0.05,74.9284893174976,-1.52504038705722,"8.24  +/-  0.05"
"134","Absence","Hotter","Wet Season Baseflow (Low)",0.09,0,0.993589571806976,-0.53464963247312,"0.09  +/-  0"
"135","Absence","Hotter","Wet Season Baseflow (Med)",0.42,0,8.444721683528,-0.79923398915712,"0.42  +/-  0"
"136","Absence","Amplified Extremes","Dry Season Baseflow",0.04,0,2.56718225619533,-0.694159426121216,"0.04  +/-  0"
"137","Absence","Amplified Extremes","Elevation",467.45,3.22,1701.23181152344,-0.138114377856255,"467.45  +/-  3.22"
"138","Absence","Amplified Extremes","Fall Pulse",0.62,0.01,16.630306977217,-5.93458519421408,"0.62  +/-  0.01"
"139","Absence","Amplified Extremes","Largest Annual Storm",-2.34,0.11,34.3398661300064,-100.35398747391,"-2.34  +/-  0.11"
"140","Absence","Amplified Extremes","Peak Flow: 10-Year Flood",2.98,0.32,307.136151645824,-200.343041706435,"2.98  +/-  0.32"
"141","Absence","Amplified Extremes","Peak Flow: 2-Year Flood",-0.36,0.11,66.0904782180736,-72.6309043470368,"-0.36  +/-  0.11"
"142","Absence","Amplified Extremes","Spring Recession",2.88,0.03,54.5861178986144,-3.25712292425664,"2.88  +/-  0.03"
"143","Absence","Amplified Extremes","Wet Season Baseflow (Low)",0.05,0,0.93909865535808,-0.605459124043648,"0.05  +/-  0"
"144","Absence","Amplified Extremes","Wet Season Baseflow (Med)",0.24,0,7.50891690347456,-0.738959268615264,"0.24  +/-  0"
"145","Absence","Drier/hotter (Small)","Dry Season Baseflow",0.05,0,2.55760593380714,-0.680287069409088,"0.05  +/-  0"
"146","Absence","Drier/hotter (Small)","Elevation",455.64,3.12,1701.23181152344,-0.138114377856255,"455.64  +/-  3.12"
"147","Absence","Drier/hotter (Small)","Fall Pulse",0.87,0.01,18.3565812918973,-5.04327508621792,"0.87  +/-  0.01"
"148","Absence","Drier/hotter (Small)","Largest Annual Storm",-2.19,0.1,36.2145522368096,-99.5295843632512,"-2.19  +/-  0.1"
"149","Absence","Drier/hotter (Small)","Peak Flow: 10-Year Flood",2.83,0.31,307.36229442448,-202.617959814733,"2.83  +/-  0.31"
"150","Absence","Drier/hotter (Small)","Peak Flow: 2-Year Flood",-0.07,0.1,66.079295007616,-71.86087495752,"-0.07  +/-  0.1"
"151","Absence","Drier/hotter (Small)","Spring Recession",4.73,0.04,64.2782276820064,-2.81505140943712,"4.73  +/-  0.04"
"152","Absence","Drier/hotter (Small)","Wet Season Baseflow (Low)",0.07,0,0.933723353103104,-0.581493758487776,"0.07  +/-  0"
"153","Absence","Drier/hotter (Small)","Wet Season Baseflow (Med)",0.29,0,8.52913508939616,-0.787428358728608,"0.29  +/-  0"
"154","Absence","Drier/hotter (Large)","Dry Season Baseflow",0.05,0,2.5717685957687,-0.702223997525632,"0.05  +/-  0"
"155","Absence","Drier/hotter (Large)","Elevation",448.49,3.03,1701.23181152344,-0.138114377856255,"448.49  +/-  3.03"
"156","Absence","Drier/hotter (Large)","Fall Pulse",1.32,0.01,19.3422342021171,-4.58071148478208,"1.32  +/-  0.01"
"157","Absence","Drier/hotter (Large)","Largest Annual Storm",-2.37,0.1,42.5991027918624,-97.8298197383552,"-2.37  +/-  0.1"
"158","Absence","Drier/hotter (Large)","Peak Flow: 10-Year Flood",1.08,0.3,305.923491765024,-202.709545520576,"1.08  +/-  0.3"
"159","Absence","Drier/hotter (Large)","Peak Flow: 2-Year Flood",-0.29,0.1,66.2635642050048,-71.968844225824,"-0.29  +/-  0.1"
"160","Absence","Drier/hotter (Large)","Spring Recession",7.7,0.05,73.8051986733376,-2.0458573833599,"7.7  +/-  0.05"
"161","Absence","Drier/hotter (Large)","Wet Season Baseflow (Low)",0.09,0,0.955094037532416,-0.539068566522912,"0.09  +/-  0"
"162","Absence","Drier/hotter (Large)","Wet Season Baseflow (Med)",0.39,0,8.63784534039584,-0.851688163132416,"0.39  +/-  0"
"163","Absence","Wetter/hotter (Small)","Dry Season Baseflow",0.05,0,2.55085332222192,-0.681576935328256,"0.05  +/-  0"
"164","Absence","Wetter/hotter (Small)","Elevation",456.47,3.09,1701.23181152344,-0.138114377856255,"456.47  +/-  3.09"
"165","Absence","Wetter/hotter (Small)","Fall Pulse",1,0.01,18.5866324260813,-4.87405308805248,"1  +/-  0.01"
"166","Absence","Wetter/hotter (Small)","Largest Annual Storm",-2.07,0.1,39.7606445428128,-95.3605062317216,"-2.07  +/-  0.1"
"167","Absence","Wetter/hotter (Small)","Peak Flow: 10-Year Flood",2.55,0.31,307.117398845024,-202.052482861494,"2.55  +/-  0.31"
"168","Absence","Wetter/hotter (Small)","Peak Flow: 2-Year Flood",-0.13,0.1,66.1999584991424,-71.8668044104896,"-0.13  +/-  0.1"
"169","Absence","Wetter/hotter (Small)","Spring Recession",5.22,0.04,64.9503031438944,-2.27739540099709,"5.22  +/-  0.04"
"170","Absence","Wetter/hotter (Small)","Wet Season Baseflow (Low)",0.07,0,0.968392378162048,-0.56303790973968,"0.07  +/-  0"
"171","Absence","Wetter/hotter (Small)","Wet Season Baseflow (Med)",0.32,0,8.04643426464992,-0.7560927100608,"0.32  +/-  0"
"172","Absence","Wetter/hotter (Large)","Dry Season Baseflow",0.05,0,2.52456629479837,-0.695734870932736,"0.05  +/-  0"
"173","Absence","Wetter/hotter (Large)","Elevation",448.03,2.99,1701.23181152344,-0.138114377856255,"448.03  +/-  2.99"
"174","Absence","Wetter/hotter (Large)","Fall Pulse",1.73,0.01,19.3408380451248,-4.2288779462048,"1.73  +/-  0.01"
"175","Absence","Wetter/hotter (Large)","Largest Annual Storm",-2.32,0.09,45.00776043864,-91.9609468245376,"-2.32  +/-  0.09"
"176","Absence","Wetter/hotter (Large)","Peak Flow: 10-Year Flood",0.68,0.3,307.113657629408,-201.696174266102,"0.68  +/-  0.3"
"177","Absence","Wetter/hotter (Large)","Peak Flow: 2-Year Flood",-0.44,0.1,66.4162849192768,-72.8218088785856,"-0.44  +/-  0.1"
"178","Absence","Wetter/hotter (Large)","Spring Recession",9.14,0.05,76.0149545579104,-0.202755690153104,"9.14  +/-  0.05"
"179","Absence","Wetter/hotter (Large)","Wet Season Baseflow (Low)",0.1,0,1.01427236980595,-0.520106912049664,"0.1  +/-  0"
"180","Absence","Wetter/hotter (Large)","Wet Season Baseflow (Med)",0.47,0,8.23923996916064,-0.718794458511968,"0.47  +/-  0"
"181","Absence","Extremes/hotter (Small)","Dry Season Baseflow",0.04,0,2.57596085779885,-0.680883004110624,"0.04  +/-  0"
"182","Absence","Extremes/hotter (Small)","Elevation",455.81,3.11,1701.23181152344,-0.138114377856255,"455.81  +/-  3.11"
"183","Absence","Extremes/hotter (Small)","Fall Pulse",0.94,0.01,18.5168308911117,-4.94642907321088,"0.94  +/-  0.01"
"184","Absence","Extremes/hotter (Small)","Largest Annual Storm",-2.07,0.1,39.352378555456,-97.7556336867072,"-2.07  +/-  0.1"
"185","Absence","Extremes/hotter (Small)","Peak Flow: 10-Year Flood",2.81,0.31,307.25413840688,-202.070814364944,"2.81  +/-  0.31"
"186","Absence","Extremes/hotter (Small)","Peak Flow: 2-Year Flood",-0.07,0.1,66.199317463424,-71.8693008762112,"-0.07  +/-  0.1"
"187","Absence","Extremes/hotter (Small)","Spring Recession",4.9,0.04,64.1808794790464,-2.87663717601504,"4.9  +/-  0.04"
"188","Absence","Extremes/hotter (Small)","Wet Season Baseflow (Low)",0.07,0,0.957179775149216,-0.58144329030464,"0.07  +/-  0"
"189","Absence","Extremes/hotter (Small)","Wet Season Baseflow (Med)",0.3,0,8.0731291944448,-0.779086907635968,"0.3  +/-  0"
"190","Absence","Extremes/hotter (Large)","Dry Season Baseflow",0.05,0,2.58826059543293,-0.698035020527456,"0.05  +/-  0"
"191","Absence","Extremes/hotter (Large)","Elevation",446.12,3.01,1701.23181152344,-0.138114377856255,"446.12  +/-  3.01"
"192","Absence","Extremes/hotter (Large)","Fall Pulse",1.54,0.01,19.2710395655379,-4.41747039121184,"1.54  +/-  0.01"
"193","Absence","Extremes/hotter (Large)","Largest Annual Storm",-2.19,0.1,44.4431188026848,-93.4697886818656,"-2.19  +/-  0.1"
"194","Absence","Extremes/hotter (Large)","Peak Flow: 10-Year Flood",1.12,0.3,306.8775575312,-201.967156357757,"1.12  +/-  0.3"
"195","Absence","Extremes/hotter (Large)","Peak Flow: 2-Year Flood",-0.33,0.1,66.4179050933056,-71.8433269799264,"-0.33  +/-  0.1"
"196","Absence","Extremes/hotter (Large)","Spring Recession",8.36,0.06,73.6237491496256,-1.87117601800582,"8.36  +/-  0.06"
"197","Absence","Extremes/hotter (Large)","Wet Season Baseflow (Low)",0.09,0,0.992384742937216,-0.529321693180992,"0.09  +/-  0"
"198","Absence","Extremes/hotter (Large)","Wet Season Baseflow (Med)",0.42,0,8.37022992653888,-0.828155006805824,"0.42  +/-  0"
